driver_id,trip_id,Average Velocity (mph),Max Velocity,Velocity Stdev,Average Acceleration (mph per s),Max Acceleration (mph per s), Acceleration Stdev,Displacement (meters),Max Direction Change per sec, Direction Stdev,Time (s)
1,104,15.602087305977646,95.752860552570439,14.023179370852983,2.4297995763464604,72.418123528125548,7.554267171560918,983.9423763615429,62.500861268952725,111.06711139768008,251
