driver_id,trip_id,Average Velocity (mph),Max Velocity,Velocity Stdev,Average Acceleration (mph per s),Max Acceleration (mph per s), Acceleration Stdev,Displacement (meters),Max Direction Change per sec, Direction Stdev,Time (s)
1,109,30.210952448673385,50.247948415830756,15.09167414027832,1.341403421200055,6.8934583359226522,1.8683936319851517,14358.28692010297,64.62225613864257,157.07980732683552,1168
