driver_id,trip_id,Average Velocity (mph),Max Velocity,Velocity Stdev,Average Acceleration (mph per s),Max Acceleration (mph per s), Acceleration Stdev,Displacement (meters),Max Direction Change per sec, Direction Stdev,Time (s)
1,102,20.181490338202504,61.407874934734451,14.854264396060293,1.5865719655725643,25.684966206580572,2.607373201743783,3546.1978427606095,91.735704588861793,118.5999244701851,980
