driver_id,trip_id,Average Velocity (mph),Max Velocity,Velocity Stdev,Average Acceleration (mph per s),Max Acceleration (mph per s), Acceleration Stdev,Displacement (meters),Max Direction Change per sec, Direction Stdev,Time (s)
1,112,7.3595270841746006,34.072307112961944,9.620727085001795,1.1472291330676891,10.192841516397591,1.8327879863010206,475.51076749112633,127.87498365109819,99.86901085363081,379
