driver_id,trip_id,Average Velocity (mph),Max Velocity,Velocity Stdev,Average Acceleration (mph per s),Max Acceleration (mph per s), Acceleration Stdev,Displacement (meters),Max Direction Change per sec, Direction Stdev,Time (s)
1,118,8.7214431860709034,28.038501529147364,8.007816442111885,1.2397458100398384,10.450166223733479,2.0295394608970754,408.6445888544225,65.746080275683568,131.3319755663951,292
