driver_id,trip_id,Average Velocity (mph),Max Velocity,Velocity Stdev,Average Acceleration (mph per s),Max Acceleration (mph per s), Acceleration Stdev,Displacement (meters),Max Direction Change per sec, Direction Stdev,Time (s)
1,120,31.31917520592587,72.128347825248923,25.204767579893037,1.1574498151176413,25.005428988818139,1.9596620619197924,16188.41073113726,60.439645535325099,89.21258544885137,1482
