driver_id,trip_id,Average Velocity (mph),Max Velocity,Velocity Stdev,Average Acceleration (mph per s),Max Acceleration (mph per s), Acceleration Stdev,Displacement (meters),Max Direction Change per sec, Direction Stdev,Time (s)
1,127,18.587636810112741,65.093105011206646,16.04774030402622,1.4453708713315103,26.619189483930263,2.5228469712039026,7650.178207074656,100.61965527615723,135.41801478689467,1766
