driver_id,trip_id,Average Velocity (mph),Max Velocity,Velocity Stdev,Average Acceleration (mph per s),Max Acceleration (mph per s), Acceleration Stdev,Displacement (meters),Max Direction Change per sec, Direction Stdev,Time (s)
1,126,23.892089972084825,69.072316885999811,19.79756804378185,1.6427143986180703,46.381294822650922,3.7241193194475772,5503.687768215053,156.84664060651184,90.70071579331747,837
