driver_id,trip_id,Average Velocity (mph),Max Velocity,Velocity Stdev,Average Acceleration (mph per s),Max Acceleration (mph per s), Acceleration Stdev,Displacement (meters),Max Direction Change per sec, Direction Stdev,Time (s)
1,123,0.15569794484552374,2.5539929522220706,0.4760288716153074,0.27528719582764055,2.5539929522220706,0.680948654609149,2.459674775249769,44.999999999999936,79.0302985604837,701
