driver_id,trip_id,Average Velocity (mph),Max Velocity,Velocity Stdev,Average Acceleration (mph per s),Max Acceleration (mph per s), Acceleration Stdev,Displacement (meters),Max Direction Change per sec, Direction Stdev,Time (s)
1,129,16.164138481683302,38.659311116469688,12.644737276010224,1.3510321825249585,5.4828613797178924,1.884338859575857,1157.691604012053,44.999999999975593,115.30115002785254,229
