driver_id,trip_id,Average Velocity (mph),Max Velocity,Velocity Stdev,Average Acceleration (mph per s),Max Acceleration (mph per s), Acceleration Stdev,Displacement (meters),Max Direction Change per sec, Direction Stdev,Time (s)
1,125,25.508179526039083,52.972566484927022,18.04295212716467,1.1564881867882593,14.535176752704814,1.8109472113943657,5904.9960651976735,165.18267636668389,113.80211790179428,608
