driver_id,trip_id,Average Velocity (mph),Max Velocity,Velocity Stdev,Average Acceleration (mph per s),Max Acceleration (mph per s), Acceleration Stdev,Displacement (meters),Max Direction Change per sec, Direction Stdev,Time (s)
1,121,0.57829031582990065,10.122222680814726,1.26218610733552,0.87470942150446385,7.617826546014963,1.5679369040287352,20.400490190189057,176.04923283203601,109.96139763647707,171
