driver_id,trip_id,Average Velocity (mph),Max Velocity,Velocity Stdev,Average Acceleration (mph per s),Max Acceleration (mph per s), Acceleration Stdev,Displacement (meters),Max Direction Change per sec, Direction Stdev,Time (s)
1,128,14.533513243692656,32.262999240616153,9.885703582358056,1.5107551930998984,13.425811367203446,2.506284825638248,1330.1030411212507,67.166345822086328,105.77140337362509,336
