driver_id,trip_id,Average Velocity (mph),Max Velocity,Velocity Stdev,Average Acceleration (mph per s),Max Acceleration (mph per s), Acceleration Stdev,Displacement (meters),Max Direction Change per sec, Direction Stdev,Time (s)
1,133,0.13575519871034147,2.5539929522220697,0.38467767620350685,0.22419430880754354,2.5539929522220697,0.5568200673652759,1.3341664064126335,44.999999999999972,104.16982196907617,394
