driver_id,trip_id,Average Velocity (mph),Max Velocity,Velocity Stdev,Average Acceleration (mph per s),Max Acceleration (mph per s), Acceleration Stdev,Displacement (meters),Max Direction Change per sec, Direction Stdev,Time (s)
1,134,7.9864755380337353,33.484815902136852,9.960466928981738,1.0496172528151881,8.6126651787143,1.6346416683201315,1360.4367533994366,54.865806943053713,106.66376340572995,662
