driver_id,trip_id,Average Velocity (mph),Max Velocity,Velocity Stdev,Average Acceleration (mph per s),Max Acceleration (mph per s), Acceleration Stdev,Displacement (meters),Max Direction Change per sec, Direction Stdev,Time (s)
1,130,13.866416036490779,30.507615836049851,9.665532918449978,1.2640665192955085,14.044647982872267,2.4565188379078555,1108.915637007613,44.635063664269353,102.45886954639136,266
