driver_id,trip_id,Average Velocity (mph),Max Velocity,Velocity Stdev,Average Acceleration (mph per s),Max Acceleration (mph per s), Acceleration Stdev,Displacement (meters),Max Direction Change per sec, Direction Stdev,Time (s)
1,139,16.55406708140627,38.204971404255708,11.867826392956273,1.4985722729497579,12.390763369862466,2.359353919496504,968.5308978034723,59.858614447924225,105.75709831480968,246
