driver_id,trip_id,Average Velocity (mph),Max Velocity,Velocity Stdev,Average Acceleration (mph per s),Max Acceleration (mph per s), Acceleration Stdev,Displacement (meters),Max Direction Change per sec, Direction Stdev,Time (s)
1,13,4.8726464766015694,24.6450903832792,6.858651030171197,1.1030349098030132,7.5131884043992976,1.6296143371736256,458.986982386211,159.14554196042138,125.22486152923746,292
