driver_id,trip_id,Average Velocity (mph),Max Velocity,Velocity Stdev,Average Acceleration (mph per s),Max Acceleration (mph per s), Acceleration Stdev,Displacement (meters),Max Direction Change per sec, Direction Stdev,Time (s)
1,131,11.275494603748548,37.428784644976162,11.344309177301367,1.2621418151582713,19.820036525670414,2.173180327658787,2953.381873378382,127.87498365110071,121.14599167962692,921
