driver_id,trip_id,Average Velocity (mph),Max Velocity,Velocity Stdev,Average Acceleration (mph per s),Max Acceleration (mph per s), Acceleration Stdev,Displacement (meters),Max Direction Change per sec, Direction Stdev,Time (s)
1,140,14.054731811530914,31.455853509323241,11.812816891538294,1.2031416206385053,5.1528490219610905,2.653582710354852,731.831046075527,88.417646077380567,101.72755185482444,203
