driver_id,trip_id,Average Velocity (mph),Max Velocity,Velocity Stdev,Average Acceleration (mph per s),Max Acceleration (mph per s), Acceleration Stdev,Displacement (meters),Max Direction Change per sec, Direction Stdev,Time (s)
1,14,0.21962800631162852,4.4462730460465432,0.5502480504911214,0.2839805411021416,3.9453938190865911,0.7287155726946157,7.021395872616783,75.113733150982512,120.58118465689697,257
