driver_id,trip_id,Average Velocity (mph),Max Velocity,Velocity Stdev,Average Acceleration (mph per s),Max Acceleration (mph per s), Acceleration Stdev,Displacement (meters),Max Direction Change per sec, Direction Stdev,Time (s)
1,141,25.308998731618551,73.411877840033341,22.12885890041332,1.3420969376181915,13.34315988637422,1.9741323530295996,9891.82371456346,174.88958243896786,140.23226002118264,1192
