driver_id,trip_id,Average Velocity (mph),Max Velocity,Velocity Stdev,Average Acceleration (mph per s),Max Acceleration (mph per s), Acceleration Stdev,Displacement (meters),Max Direction Change per sec, Direction Stdev,Time (s)
1,147,11.641886027833761,40.960162499677708,13.046269919114449,1.0819442796727965,21.145882962329985,1.9360330109126733,3154.956280204212,125.83765295427924,110.10019372006111,1515
