driver_id,trip_id,Average Velocity (mph),Max Velocity,Velocity Stdev,Average Acceleration (mph per s),Max Acceleration (mph per s), Acceleration Stdev,Displacement (meters),Max Direction Change per sec, Direction Stdev,Time (s)
1,150,15.734565325561759,38.151744180312456,11.564856558235082,1.3228871204495725,6.618101217608503,2.1039359726912368,959.3749319218217,44.999999999967429,131.83263049331015,259
