driver_id,trip_id,Average Velocity (mph),Max Velocity,Velocity Stdev,Average Acceleration (mph per s),Max Acceleration (mph per s), Acceleration Stdev,Displacement (meters),Max Direction Change per sec, Direction Stdev,Time (s)
1,157,8.690333584465499,32.044529018227209,9.971882756321454,1.0659055209292911,14.92082142510926,1.9755690766359366,511.33097891678733,44.999999999991864,126.69700307631648,511
