driver_id,trip_id,Average Velocity (mph),Max Velocity,Velocity Stdev,Average Acceleration (mph per s),Max Acceleration (mph per s), Acceleration Stdev,Displacement (meters),Max Direction Change per sec, Direction Stdev,Time (s)
1,156,9.5158715611938867,39.658123001473584,11.481213287597255,1.3079461176445122,21.393131429509236,2.256479590422171,938.5764593255043,45.409980691489579,118.55406310730876,760
