driver_id,trip_id,Average Velocity (mph),Max Velocity,Velocity Stdev,Average Acceleration (mph per s),Max Acceleration (mph per s), Acceleration Stdev,Displacement (meters),Max Direction Change per sec, Direction Stdev,Time (s)
1,153,4.1415101610810749,20.688191801121761,5.636575608451346,0.75422395698123079,5.5918819260117365,1.3161489442839969,263.5181208190435,48.613880752003638,101.38602485054828,331
