driver_id,trip_id,Average Velocity (mph),Max Velocity,Velocity Stdev,Average Acceleration (mph per s),Max Acceleration (mph per s), Acceleration Stdev,Displacement (meters),Max Direction Change per sec, Direction Stdev,Time (s)
1,159,0.50502971840737565,3.143989821866477,0.8599750274839769,0.68611377595396517,2.9206026775307863,1.1516920092197707,5.059644256269407,44.999999999999972,114.31736370747551,378
