driver_id,trip_id,Average Velocity (mph),Max Velocity,Velocity Stdev,Average Acceleration (mph per s),Max Acceleration (mph per s), Acceleration Stdev,Displacement (meters),Max Direction Change per sec, Direction Stdev,Time (s)
1,165,7.9897841636051261,33.445082867291696,9.277605482694891,1.2835360936430698,10.453046200481404,1.916122998786292,1111.0087758429274,92.147585428304637,106.16523728529936,579
