driver_id,trip_id,Average Velocity (mph),Max Velocity,Velocity Stdev,Average Acceleration (mph per s),Max Acceleration (mph per s), Acceleration Stdev,Displacement (meters),Max Direction Change per sec, Direction Stdev,Time (s)
1,167,20.259059303722701,66.571729735676612,17.178594832391546,1.509575597272832,30.227902536344342,2.6496569439784166,3888.674608398085,65.854458039581132,100.73471703971526,1024
