driver_id,trip_id,Average Velocity (mph),Max Velocity,Velocity Stdev,Average Acceleration (mph per s),Max Acceleration (mph per s), Acceleration Stdev,Displacement (meters),Max Direction Change per sec, Direction Stdev,Time (s)
1,164,18.853715562187578,72.94597058097213,22.372153208567912,1.0420670968485239,16.288933461517598,1.7018027965207614,9861.862763697334,95.710593137497781,140.70433146312388,1636
