driver_id,trip_id,Average Velocity (mph),Max Velocity,Velocity Stdev,Average Acceleration (mph per s),Max Acceleration (mph per s), Acceleration Stdev,Displacement (meters),Max Direction Change per sec, Direction Stdev,Time (s)
1,16,16.08831085816022,70.826518875347745,11.65740765617412,1.6170403332592178,60.016342928583747,3.2328784266070283,219.68941713246,73.860757348808932,111.97610921681984,1271
