driver_id,trip_id,Average Velocity (mph),Max Velocity,Velocity Stdev,Average Acceleration (mph per s),Max Acceleration (mph per s), Acceleration Stdev,Displacement (meters),Max Direction Change per sec, Direction Stdev,Time (s)
1,163,22.525508064035368,57.782014641235115,18.28484936990044,1.285031291896807,20.318887732133735,2.1376186146366445,4958.45029217799,171.72726313924338,132.44240502641944,911
