driver_id,trip_id,Average Velocity (mph),Max Velocity,Velocity Stdev,Average Acceleration (mph per s),Max Acceleration (mph per s), Acceleration Stdev,Displacement (meters),Max Direction Change per sec, Direction Stdev,Time (s)
1,177,0.21041880177784211,2.9120000000000004,0.5100027310739511,0.31406812004735957,2.6973171856494758,0.6919011895482381,0.9433981132056605,44.999999999999972,108.07964117097897,422
