driver_id,trip_id,Average Velocity (mph),Max Velocity,Velocity Stdev,Average Acceleration (mph per s),Max Acceleration (mph per s), Acceleration Stdev,Displacement (meters),Max Direction Change per sec, Direction Stdev,Time (s)
1,174,16.007188422868886,111.22767310341442,12.926073319814192,1.5872378698351508,89.844177411643329,6.3390579543849155,2482.459719713494,70.122993719648605,127.42478096345506,427
