driver_id,trip_id,Average Velocity (mph),Max Velocity,Velocity Stdev,Average Acceleration (mph per s),Max Acceleration (mph per s), Acceleration Stdev,Displacement (meters),Max Direction Change per sec, Direction Stdev,Time (s)
1,173,29.505398403326812,52.546026757501231,16.965421283301076,1.1382587784829856,5.6878444784407591,2.013264877934448,7918.334408826139,41.682218831644271,74.51505762171173,678
