driver_id,trip_id,Average Velocity (mph),Max Velocity,Velocity Stdev,Average Acceleration (mph per s),Max Acceleration (mph per s), Acceleration Stdev,Displacement (meters),Max Direction Change per sec, Direction Stdev,Time (s)
1,182,17.80151032758485,41.875420571022453,13.080723379923349,1.6626081481085042,6.2226391629974982,2.619238045127331,977.1724208142593,54.363451245745459,131.5966085646369,223
