driver_id,trip_id,Average Velocity (mph),Max Velocity,Velocity Stdev,Average Acceleration (mph per s),Max Acceleration (mph per s), Acceleration Stdev,Displacement (meters),Max Direction Change per sec, Direction Stdev,Time (s)
1,186,0.44954472677144452,7.5098484671796157,0.906447004550332,0.6262448349710481,7.0089692402196615,1.1266994214052846,14.142842712835352,81.392137626293902,100.90309879902382,279
