driver_id,trip_id,Average Velocity (mph),Max Velocity,Velocity Stdev,Average Acceleration (mph per s),Max Acceleration (mph per s), Acceleration Stdev,Displacement (meters),Max Direction Change per sec, Direction Stdev,Time (s)
1,187,7.3064254275985236,26.36928152225606,7.426083639745164,1.3134700425335326,5.8469592740308665,1.8316681401702017,891.9314771886908,80.729355179541699,138.4003841498375,301
