driver_id,trip_id,Average Velocity (mph),Max Velocity,Velocity Stdev,Average Acceleration (mph per s),Max Acceleration (mph per s), Acceleration Stdev,Displacement (meters),Max Direction Change per sec, Direction Stdev,Time (s)
1,188,12.581374014216738,44.193900031565455,12.671652356566131,1.5373718672739713,15.750672817415754,2.330264147229108,1696.9121279547744,55.007979801441792,102.85457908111927,872
