driver_id,trip_id,Average Velocity (mph),Max Velocity,Velocity Stdev,Average Acceleration (mph per s),Max Acceleration (mph per s), Acceleration Stdev,Displacement (meters),Max Direction Change per sec, Direction Stdev,Time (s)
1,189,11.622500066086321,34.458889128931581,11.528006805162413,1.0578267933352929,6.5136748935454678,1.69181305119735,993.4322825437072,44.999999999998217,118.56620290134966,338
