driver_id,trip_id,Average Velocity (mph),Max Velocity,Velocity Stdev,Average Acceleration (mph per s),Max Acceleration (mph per s), Acceleration Stdev,Displacement (meters),Max Direction Change per sec, Direction Stdev,Time (s)
1,185,12.418236134883685,32.959223291819235,10.124444049142577,1.3591033821000991,11.944291806994169,2.2464680733340243,483.9125954136759,45.566247129641887,126.05061348302175,386
