driver_id,trip_id,Average Velocity (mph),Max Velocity,Velocity Stdev,Average Acceleration (mph per s),Max Acceleration (mph per s), Acceleration Stdev,Displacement (meters),Max Direction Change per sec, Direction Stdev,Time (s)
1,196,15.009164783406145,32.201509529834119,10.67193959105306,1.9252051143106816,12.701877846117865,2.948785999154757,936.2684444111101,91.507435758776566,132.8193211173682,241
