driver_id,trip_id,Average Velocity (mph),Max Velocity,Velocity Stdev,Average Acceleration (mph per s),Max Acceleration (mph per s), Acceleration Stdev,Displacement (meters),Max Direction Change per sec, Direction Stdev,Time (s)
1,197,17.986871313474669,51.606119327071703,16.09029171601833,1.3991144085835856,30.838284001310512,2.8314772764325404,3823.756306304051,114.22774531795365,101.31210736606448,1095
