driver_id,trip_id,Average Velocity (mph),Max Velocity,Velocity Stdev,Average Acceleration (mph per s),Max Acceleration (mph per s), Acceleration Stdev,Displacement (meters),Max Direction Change per sec, Direction Stdev,Time (s)
1,192,5.5220840862482667,31.463828120557761,8.435168621551648,0.8636226472069567,7.3933574949949916,1.4023073144539395,1408.2923347089552,84.217607677649454,107.73246523756929,991
