driver_id,trip_id,Average Velocity (mph),Max Velocity,Velocity Stdev,Average Acceleration (mph per s),Max Acceleration (mph per s), Acceleration Stdev,Displacement (meters),Max Direction Change per sec, Direction Stdev,Time (s)
1,19,7.3040515323044248,30.470587523052341,10.382844722110741,0.78789438327623351,7.4260465940015825,1.595195888494757,1082.9877653971905,87.273689006119753,118.88772476624362,915
