driver_id,trip_id,Average Velocity (mph),Max Velocity,Velocity Stdev,Average Acceleration (mph per s),Max Acceleration (mph per s), Acceleration Stdev,Displacement (meters),Max Direction Change per sec, Direction Stdev,Time (s)
1,191,9.0678010594966576,33.520759895921216,10.59891892028187,1.2007850191066327,18.433348249020472,2.707049795140364,714.1187576306899,127.56859202882058,102.69336321245481,281
