driver_id,trip_id,Average Velocity (mph),Max Velocity,Velocity Stdev,Average Acceleration (mph per s),Max Acceleration (mph per s), Acceleration Stdev,Displacement (meters),Max Direction Change per sec, Direction Stdev,Time (s)
1,193,10.865467758345487,33.562645902848644,10.30777850807883,1.2162660800218652,6.0939741700884937,1.7576879576330235,958.0161428702545,123.7965651347707,99.10548049341938,397
