driver_id,trip_id,Average Velocity (mph),Max Velocity,Velocity Stdev,Average Acceleration (mph per s),Max Acceleration (mph per s), Acceleration Stdev,Displacement (meters),Max Direction Change per sec, Direction Stdev,Time (s)
1,200,23.547662511155,94.423107680270562,17.328536559787338,1.672772965677761,37.876970765358244,3.213073263842963,3829.449762041539,61.232350661150207,102.05347053123381,989
