driver_id,trip_id,Average Velocity (mph),Max Velocity,Velocity Stdev,Average Acceleration (mph per s),Max Acceleration (mph per s), Acceleration Stdev,Displacement (meters),Max Direction Change per sec, Direction Stdev,Time (s)
1,21,0.43826655451195656,4.3492932759242615,0.8235907832359068,0.33584253523181701,2.0585861891680421,0.5143370778474126,11.275194011634566,44.999999999999936,122.95515193993815,171
