driver_id,trip_id,Average Velocity (mph),Max Velocity,Velocity Stdev,Average Acceleration (mph per s),Max Acceleration (mph per s), Acceleration Stdev,Displacement (meters),Max Direction Change per sec, Direction Stdev,Time (s)
1,24,4.0084141568206553,20.74027116505469,6.791660648174495,0.51687353630692512,4.8260866989753399,1.3750152873367574,141.00656013108042,122.27564431457796,106.03452702027425,316
