driver_id,trip_id,Average Velocity (mph),Max Velocity,Velocity Stdev,Average Acceleration (mph per s),Max Acceleration (mph per s), Acceleration Stdev,Displacement (meters),Max Direction Change per sec, Direction Stdev,Time (s)
1,29,14.417382415199258,33.444332733663614,10.8989613312284,1.2335209002135337,6.7227995626368724,1.9136340875970266,1455.984550055391,44.999999999967429,95.78048641844711,345
