driver_id,trip_id,Average Velocity (mph),Max Velocity,Velocity Stdev,Average Acceleration (mph per s),Max Acceleration (mph per s), Acceleration Stdev,Displacement (meters),Max Direction Change per sec, Direction Stdev,Time (s)
1,3,7.4565760428805143,30.947689542193636,8.876677224677627,0.89901801386417457,11.676409415019483,1.4924921348090292,746.4926858315492,101.97613244420951,129.82981364142216,928
