driver_id,trip_id,Average Velocity (mph),Max Velocity,Velocity Stdev,Average Acceleration (mph per s),Max Acceleration (mph per s), Acceleration Stdev,Displacement (meters),Max Direction Change per sec, Direction Stdev,Time (s)
1,31,13.424180471694459,32.994979496887048,10.49459753192261,1.3752363607009426,18.708812867281889,2.506595465876972,944.4145699850252,46.383686967369101,111.88032061332852,282
