driver_id,trip_id,Average Velocity (mph),Max Velocity,Velocity Stdev,Average Acceleration (mph per s),Max Acceleration (mph per s), Acceleration Stdev,Displacement (meters),Max Direction Change per sec, Direction Stdev,Time (s)
1,33,14.616670018573373,35.686370731695277,10.196819462013327,1.6587489201181511,7.9398939233289028,2.239857611469276,914.8381824126056,158.83874018317115,122.43433276592162,290
