driver_id,trip_id,Average Velocity (mph),Max Velocity,Velocity Stdev,Average Acceleration (mph per s),Max Acceleration (mph per s), Acceleration Stdev,Displacement (meters),Max Direction Change per sec, Direction Stdev,Time (s)
1,37,11.025112041792232,26.447182080516718,7.619480054695337,1.0691047028725134,5.486815757964643,1.4884057021058088,2171.533128920671,44.999999999997961,124.97234377374348,999
