driver_id,trip_id,Average Velocity (mph),Max Velocity,Velocity Stdev,Average Acceleration (mph per s),Max Acceleration (mph per s), Acceleration Stdev,Displacement (meters),Max Direction Change per sec, Direction Stdev,Time (s)
1,38,9.9619985453872868,33.025379816135242,9.208837443519037,1.2207977663390346,10.0257004694106,2.0100283744860477,716.2527556666013,48.205215931013356,104.56962046122021,414
