driver_id,trip_id,Average Velocity (mph),Max Velocity,Velocity Stdev,Average Acceleration (mph per s),Max Acceleration (mph per s), Acceleration Stdev,Displacement (meters),Max Direction Change per sec, Direction Stdev,Time (s)
1,4,12.836471150102589,40.096625693442348,13.279200765804854,1.4535672118860414,11.533059309595675,2.501145433533677,1436.5615789098636,44.999999999967429,135.1022712820357,364
