driver_id,trip_id,Average Velocity (mph),Max Velocity,Velocity Stdev,Average Acceleration (mph per s),Max Acceleration (mph per s), Acceleration Stdev,Displacement (meters),Max Direction Change per sec, Direction Stdev,Time (s)
1,41,17.733849152884748,33.764610111772171,10.391959328377267,1.3781020760641747,11.996673203272518,1.9977444981365333,5739.636856108581,88.264295411073192,127.54916850729549,1009
