driver_id,trip_id,Average Velocity (mph),Max Velocity,Velocity Stdev,Average Acceleration (mph per s),Max Acceleration (mph per s), Acceleration Stdev,Displacement (meters),Max Direction Change per sec, Direction Stdev,Time (s)
1,42,8.4068652799691392,25.946317503645886,8.012768850170751,1.1819831090217539,10.344454293550712,2.015800002154183,280.882697936345,44.999999999993889,109.59774085032937,171
