driver_id,trip_id,Average Velocity (mph),Max Velocity,Velocity Stdev,Average Acceleration (mph per s),Max Acceleration (mph per s), Acceleration Stdev,Displacement (meters),Max Direction Change per sec, Direction Stdev,Time (s)
1,43,13.531133655090182,40.992612017289211,12.695132657336384,1.3764185899160766,8.0741771797889612,2.101410055401587,1144.9364349168036,83.418055344815343,84.82593349199571,271
