driver_id,trip_id,Average Velocity (mph),Max Velocity,Velocity Stdev,Average Acceleration (mph per s),Max Acceleration (mph per s), Acceleration Stdev,Displacement (meters),Max Direction Change per sec, Direction Stdev,Time (s)
1,45,11.580896083322049,30.33360328085012,9.436352088273551,1.3482918271991617,7.5158314125010266,2.050897424562699,585.4845685413067,64.179008025806411,94.57830827748754,274
