driver_id,trip_id,Average Velocity (mph),Max Velocity,Velocity Stdev,Average Acceleration (mph per s),Max Acceleration (mph per s), Acceleration Stdev,Displacement (meters),Max Direction Change per sec, Direction Stdev,Time (s)
1,46,14.378953986272414,62.238149072735126,10.386275239049754,2.03269073157221,47.949477196035041,4.931318933188025,910.4404648300733,49.586519968842708,112.21037163262254,293
