driver_id,trip_id,Average Velocity (mph),Max Velocity,Velocity Stdev,Average Acceleration (mph per s),Max Acceleration (mph per s), Acceleration Stdev,Displacement (meters),Max Direction Change per sec, Direction Stdev,Time (s)
1,53,0.1014141505309762,2.504396134799765,0.41399900777705795,0.18457148890952321,2.504396134799765,0.5726294029133655,5.597320787662611,44.999999999999865,70.47637358287672,404
