driver_id,trip_id,Average Velocity (mph),Max Velocity,Velocity Stdev,Average Acceleration (mph per s),Max Acceleration (mph per s), Acceleration Stdev,Displacement (meters),Max Direction Change per sec, Direction Stdev,Time (s)
1,54,13.939411687429628,29.813045198369274,8.38403180331992,1.3168112551919984,5.0359409630056682,1.7788493932494707,1188.3198980072664,48.415980255341339,141.7426742750835,343
