driver_id,trip_id,Average Velocity (mph),Max Velocity,Velocity Stdev,Average Acceleration (mph per s),Max Acceleration (mph per s), Acceleration Stdev,Displacement (meters),Max Direction Change per sec, Direction Stdev,Time (s)
1,60,16.730806237743302,50.747248201257193,8.727662692550682,1.8544902179420122,41.538695654846862,4.183054925789262,922.9693927752968,54.62815612848587,133.06975244011375,246
