driver_id,trip_id,Average Velocity (mph),Max Velocity,Velocity Stdev,Average Acceleration (mph per s),Max Acceleration (mph per s), Acceleration Stdev,Displacement (meters),Max Direction Change per sec, Direction Stdev,Time (s)
1,64,15.436745178401296,33.731157347473264,11.339311748050514,1.1901315546466893,7.9645828352341699,2.1024794532302806,1725.164006696175,44.999999999991857,95.96324133902856,438
