driver_id,trip_id,Average Velocity (mph),Max Velocity,Velocity Stdev,Average Acceleration (mph per s),Max Acceleration (mph per s), Acceleration Stdev,Displacement (meters),Max Direction Change per sec, Direction Stdev,Time (s)
1,65,1.2499200913134139,6.3396353207420377,1.145159326858108,1.1083020914545771,6.3396353207420377,1.5078797336714398,4.657252408878008,162.00130502697849,107.63858944354305,1190
