driver_id,trip_id,Average Velocity (mph),Max Velocity,Velocity Stdev,Average Acceleration (mph per s),Max Acceleration (mph per s), Acceleration Stdev,Displacement (meters),Max Direction Change per sec, Direction Stdev,Time (s)
1,68,14.113441696436679,34.236111928780744,10.048314649566654,1.3472096467254961,6.1343052499466921,1.901505327270075,933.4622916861719,70.016893478099959,99.42639497958689,294
