driver_id,trip_id,Average Velocity (mph),Max Velocity,Velocity Stdev,Average Acceleration (mph per s),Max Acceleration (mph per s), Acceleration Stdev,Displacement (meters),Max Direction Change per sec, Direction Stdev,Time (s)
1,8,13.937766608118505,39.279279830465299,12.517702538409182,1.629601666210555,18.791148128970526,2.547096391703433,1568.1841122776368,174.60110906562898,101.37623352237841,554
