driver_id,trip_id,Average Velocity (mph),Max Velocity,Velocity Stdev,Average Acceleration (mph per s),Max Acceleration (mph per s), Acceleration Stdev,Displacement (meters),Max Direction Change per sec, Direction Stdev,Time (s)
1,82,7.7971700546145852,28.451527340373239,10.071577501712541,1.0706311240018556,5.7485562702265325,1.5719054772056558,465.13547488876833,44.999999999999972,106.5637654588031,166
