driver_id,trip_id,Average Velocity (mph),Max Velocity,Velocity Stdev,Average Acceleration (mph per s),Max Acceleration (mph per s), Acceleration Stdev,Displacement (meters),Max Direction Change per sec, Direction Stdev,Time (s)
1,83,40.603761781168579,80.516705744832791,27.862860776384725,1.2674203143450138,21.158714504360105,2.2043206693595137,16428.736656541794,54.990353344446852,76.85099014992463,1131
