driver_id,trip_id,Average Velocity (mph),Max Velocity,Velocity Stdev,Average Acceleration (mph per s),Max Acceleration (mph per s), Acceleration Stdev,Displacement (meters),Max Direction Change per sec, Direction Stdev,Time (s)
1,87,14.332800959988113,33.073203654922708,11.490908586412852,1.0613941283506525,7.328168560000023,2.17318151663775,1328.7676847365005,44.999999999996291,112.78103653886197,328
