driver_id,trip_id,Average Velocity (mph),Max Velocity,Velocity Stdev,Average Acceleration (mph per s),Max Acceleration (mph per s), Acceleration Stdev,Displacement (meters),Max Direction Change per sec, Direction Stdev,Time (s)
1,93,12.26272965488935,33.737850553940184,11.326636117866,1.060015963504505,6.3284451910742536,2.7175162612740165,927.753334674686,40.767872280152801,129.2294207036702,213
