driver_id,trip_id,Average Velocity (mph),Max Velocity,Velocity Stdev,Average Acceleration (mph per s),Max Acceleration (mph per s), Acceleration Stdev,Displacement (meters),Max Direction Change per sec, Direction Stdev,Time (s)
1,95,15.68882735710528,40.854677088431394,12.355675769207366,1.5699526185845132,13.421093839232093,2.530096377019156,1157.2129017600867,43.994913994765511,100.3500945271214,226
