driver_id,trip_id,Average Velocity (mph),Max Velocity,Velocity Stdev,Average Acceleration (mph per s),Max Acceleration (mph per s), Acceleration Stdev,Displacement (meters),Max Direction Change per sec, Direction Stdev,Time (s)
1,97,14.625707600819492,35.812689594611506,10.154455240904383,1.7500626316548498,16.028135262718493,2.575383543453372,1192.8086393047295,175.03346606538906,129.29834265037675,333
