driver_id,trip_id,Average Velocity (mph),Max Velocity,Velocity Stdev,Average Acceleration (mph per s),Max Acceleration (mph per s), Acceleration Stdev,Displacement (meters),Max Direction Change per sec, Direction Stdev,Time (s)
1,98,30.221559954542936,74.476210429908051,21.71707387887754,1.405362271137075,10.305859495680217,2.149346609348092,8483.692972402996,53.697960552523682,89.97728539437037,1007
